0,1,2
2020-05-21 23:59:59+00:00,why did the god osama bin labin allow a cyclone to hit india. can u ask the people here that are his children y he allowed covid to kill so many y is he not protecting his people in merced from my talking about them? y is their god bin labin allowing me 2 remain alive,Violettstar
2020-05-21 23:59:24+00:00,‘India Needs Major Structural Change in Economic Policy to Handle Reverse Migration Sparked by Covid-19 Lockdown’ ,OMarugujarat
2020-05-21 23:58:59+00:00,"@ArvindKejriwal u seems to work asBJP worker. u continously spreading hatred forMuslim,now u r not doing any prss confrns for Zee who actually spreaded Covid-19&amp;hatred togesther.We must have choosen BJP instead choosing u as there is no different between u 2",shaikharshad33
2020-05-21 23:58:14+00:00,"Stop doing Hotel Quarantine, it unnecessary increasing the work of State as well as Central Government. If Indian Citizens coming from abroad, our COVID-19 negative, then it doesn’t make sense in keeping in Hotel Quarantine and should allow Home Quarantine.",nikskhandelwal5
2020-05-21 23:57:10+00:00,Ten New Covid 19 Positive Cases Found In Uttarakhand Today Infected Number Reached 132 Latest Breaking News | Celebrity News and Gossip | The India News Today - https://theindianewstoday.com/ten-new-covid-19-positive-cases-found-in-uttarakhand-today-infected-number-reached-132/,tindianewstoday
2020-05-21 23:57:04+00:00,India's treatment of Muslims and migrants puts lives at risk during COVID-19 https://theconversation.com/indias-treatment-of-muslims-and-migrants-puts-lives-at-risk-during-covid-19-136940?utm_source=twitter&amp;utm_medium=bylinetwitterbutton via @ConversationCA,DavidGr07837209
2020-05-21 23:57:00+00:00,"@India_NHRC In the name of Corona the people of old city, Kota has bearing a continuos 45 days curfew since 6th April. People are going to starve due to lack of food and medicines instead of Covid 19.Its a human rights violation to imposing such a long curfew. Kindly take action. ",khalid123shifa
2020-05-21 23:55:55+00:00,Covid deaths: Over 50% above 60 yrs; 73% had other illnesses | India News ,Rowdyrajawat85
2020-05-21 23:55:40+00:00,インド の大学のコンピュータサイエンス学部の学生が、インドにおける新型コロナウイルス感染者数のトラッキングができるwebサイト開発！ いいねー！ Computer science student builds website to track COVID-19 in India | EurekAlert! Science News ,ivy_sayaka
2020-05-21 23:55:17+00:00,"Mumbai's COVID-19 tally crosses 25,000-mark with 1,382 new positive cases on Thursday - https://indiagoneviral.com/news/2020/05/22/mumbais-covid-19-tally-crosses-25000-mark-with-1382-new-positive-cases-on-thursday/66599/india-gone-viral/",gone_india
2020-05-21 23:55:12+00:00,"Watch ""#coronavirus in India: Shocking video of a hungry man"" on YouTube https://youtu.be/W0jwbfiDFk4 Ya Allah Raham kar Is dunia ki har makhlook par ..bacha le ham sb ko is bimari ke halaato se. or aane wali har bala or waba se #Covid_19 #COVID2019india",AamirAliAhmad1
2020-05-21 23:51:53+00:00,"Apabila India umum akan membeli semula minyak sawit Malaysia, ia membawa signifikan yang besar kepada industri tersebut. Bergerak ke hadapan, bagaimana COVID-19 dan normal baharu akan mengubah industri sawit Malaysia? ",mpob_tweets
2020-05-21 23:51:52+00:00,"This makes great sense, much to the chagrin of the MSM. Ongoing observational study in India. 10,000 policemen in Mumbai 4500 taking HCQ 5500 elected no HCQ So far, 9 NON-HCQ policeman have died HCQ users have seen Covid-19 infections, but all cases have been mild.",JeffVog06498908
2020-05-21 23:50:36+00:00,"What's in Chinas minds no one can understand,if Taiwan has purchased Torpedoes from USA you are wrongly assuming it be for an attack on China.Why India,USA,Taiwan,Vietnam &amp; Australia in your war list not China Virus ((Covid-19)",AnilJChanchani1
2020-05-21 23:50:34+00:00,How Ludo King Became a COVID Quarantine Sensation in India ,MediaDusk
2020-05-21 23:46:49+00:00,"31 fresh COVID-19 cases, 2 deaths reported in Punjab : The Newsjatt India ",NEWSJATTDOTCOM
2020-05-21 23:46:38+00:00,"My home state of West Bengal, and Odisha in India, and Bangladesh are suffering from a devastating cyclone Amphan while also battling COVID-19. These places are home to many people with limited resources.. 1/3",manisit_das
2020-05-21 23:44:32+00:00,"There is reason to cheer. India has resumed purchasing Malaysia's palm oil after a four-month lull — this, in the midst of fighting off the Covid-19 pandemic, is good news to oil palm growers. ",mpob_tweets
2020-05-21 23:42:50+00:00,"India pasa al vergonzoso récord de 26 % de desempleo por coletazos de #Covid_19 . Llegó el momento de aflojar? Nos está ganando el miedo, sin ser temarario...?",Villegasalejo
2020-05-21 23:42:49+00:00,"13 dead in Bangladesh and almost $200 million of damage to ""infrastructure, housing, fisheries, livestock, water resources and agriculture."" This plus COVID-19 Cyclone Amphan: More than 80 dead in India and Bangladesh as trail of destruction left behind ",riotersbloc
2020-05-21 23:42:47+00:00,How not to bring Covid-19 when we return to work – Times of India ,Busines65959783
2020-05-21 23:42:10+00:00,24hr deaths May 21 US 1518 BRAZIL 888 Mexico 424 UK 363 Italy 161 Russia 135 India 132 Canada 118 France 110 Spain 110 Peru 110 Sweden 88 Iran 64 Germany 57 Belgium 42 Holland 33 S Korea 1 Norway 1 Cuba 0 Sri Lanka 0 Makaysia 0 AUST 0 NZ 0 China 0 Iceland 0 Venezuela 0 Thailand0,AnthonyBuckney
2020-05-21 23:40:18+00:00,Apple to Shift 20of Its Production to India | CCP Virus | COVID-19 | Cor... https://youtu.be/LDatkQLomLI via @YouTube,ProudAmerica4
2020-05-21 23:39:03+00:00,Fighting Stigma : Utilised curbs to ramp up health care infra: Centre: India has used the lockdown imposed on March 25 gainfully to ramp up its health-care infrastructure and kept its coronavirus disease (Covid-19) ... http://dlvr.it/RX6rTz,PairsonnalitesU
2020-05-21 23:39:03+00:00,"Il ciclone Amphan distrugge India e Bangladesh. ""Peggio del Covid-19"" ",infoitesteri
2020-05-21 23:39:02+00:00,India is watching what a great job shivsena is doing in controlling covid 19. You should talk about it.,jppakki
2020-05-21 23:38:05+00:00,"The last we knew, Italy is almost winning the fight against Covid-19 whereas in India the government has almost abandoned the fight and asked people to be #atmanirbhar",syedirfan1208
2020-05-21 23:35:54+00:00,"Woke up to these horrifying images (photos: sourced from multiple). My hometown #Kolkata, states of #Bengal, #Odisha, India got smashed in a supercyclone, worst to hit in more than a century &amp; in the midst of #Covid_19. It will take years to rebuild what was lost. #amphan",alivia_dey
2020-05-21 23:35:03+00:00,.@JSWEnergy has put on hold its proposed acquisition of a #coalfired power plant in east India because of the Covid-19 pandemic denting the country's #electricity demand outlook: https://okt.to/h2MQ5b | #ArgusCoal Coronavirus hub: https://okt.to/YwgFx4,ArgusMedia
2020-05-21 23:34:23+00:00,"Ongoing observational study in India. 10,000 policemen in Mumbai 4500 HCQ 5500 Elected no HCQ So far, 9 NON-HCQ died HCQ users have seen Covid-19 infections, but all cases have been mild. At this point, seems go show that HCQ works as a prophylaxis. Nice.",JeffVog06498908
2020-05-21 23:31:26+00:00,"The people in India have said to hell with New World Order and Corona/Covid 19 bullshit, they are being starved to death. This is the great New World Order! Anymore Questions? ",Michael27452
2020-05-21 23:30:43+00:00,Maharashtra forms panel to assist doctors in handling #dengue in India with higher risk of outbreak during #COVID-19 @timesofindia http://toi.in/dee3pa/a24gk via,daleamtsberg
2020-05-21 23:29:34+00:00,"Finally, Pakistan has officially accepted that J&K is an integral part of India. Believe it or not! Pakistani govt's official website on Covid-19 http://Covid.gov.pk has shown J&amp;K as part of Indian territory. Check this out ",DigambarKhanda3
2020-05-21 23:28:46+00:00,"FIFA Under-17 Women’s World Cup in India postponed due to Coronavirus Covid-19 News Updates | भारत में पहली बार होने वाला अंडर-17 महिला फुटबॉल वर्ल्ड कप अनिश्चितकाल के लिए टला, कोलकाता समेत 5 जगह मैच होंगे https://korbanews.co.in/fifa-underneath-17-girlss-world-cup-in-india-postponed-as-a-result-of-coronavirus-covid-19-information-updates-%e0%a4%ad%e0%a4%be%e0%a4%b0%e0%a4%a4-%e0%a4%ae%e0%a5%87%e0%a4%82-%e0%a4%aa%e0%a4%b9/",KorbaNews
2020-05-21 23:27:46+00:00,"Brasil, Rusia, India y Perú destacan por presentar una gran aumento porcentual de casos y fallecimientos en el mes de mayo. EEUU se acerca a los 100 ml fallecidos por #Covid_19",eusebioetxarren
2020-05-21 23:26:41+00:00,"Covid-19 may end India's hopes of becoming world leading economic force, Professor Wolff tells Boom Bust https://www.rt.com/business/489328-india-economic-consequences-coronavirus/",IrfanChauffeur
2020-05-21 23:24:16+00:00,Coronavirus: How #India will play a major role in a Covid-19 vaccine http://rviv.ly/GdD38f #asia #vaccination,YOUNGISTAAN13
2020-05-21 23:23:31+00:00,B'luru civic body declares new Covid containment zones https://newsd.in/b-luru-civic-body-declares-new-covid-containment-zones/ @MoHFW_INDIA #COVIDー19 #Bangalore #Karnataka #KarnatakaFightsCorona #pandemic #lockdownextension #ContainmentZones #healthcare @BBMPCOMM @BBMP_MAYOR #community_policing #SouthIndia #India #Safety,SharonThambala
2020-05-21 23:23:00+00:00,"AHMEDABAD: One among the most affected Covid-19 districts in India, Ahmedabad on Wednesday crossed 9,000 cases with 9216 – 3398 added in just 10 days – and 600 deaths. In past 10 days, the district added 221 deaths ",murali2357
2020-05-21 23:22:42+00:00,"1/2 of 10,000 police in India took it. 9 police officers from the 10,000 have now died from covid. Take a guess, come on. How many from each group. Come on. Guess. ... ... All 9 of them DIDNT TAKE HCQ.",DubiBoat
2020-05-21 23:21:21+00:00,"Today, so far, India has lost 150 people to Covid-19, while America has lost 1,292. Of course, India has a population of 1,362, 509, 699 while America only has 329, 725, 558. .. well, minus the 96,233 people you've killed.",Kats_GA
2020-05-21 23:21:00+00:00,"Father Riding Pillion, Girl, 15, Cycles 1,200 km To Get Home In Bihar..... || #India #Bihar #Haryana #Lockdown #Coronavirus #CoronavirusPandemic #Covid_19 #Pandemic #COVID #COVID19 #COVID2019 #COVIDー19",TPE_connect
2020-05-21 23:20:23+00:00,Qualcomm Announces Financial Aid of $1.5 Million to Help India Curb COVID-19 Spread https://todaysnews24x7.com/qualcomm-announces-financial-aid-of-1-5-million-to-help-india-curb-covid-19-spread/,TodaysNews24x7
2020-05-21 23:20:04+00:00,India-Hospital-Delivers-100-Babies-From-Covid-19-Mums http://dlvr.it/RX6pNn,wardenghlive
2020-05-21 23:19:07+00:00,"AHMEDABAD: One among the most affected Covid-19 districts in India, Ahmedabad on Wednesday crossed 9,000 cases with 9216 – 3398 added in just 10 days – and 600 deaths. In past 10 days, the district added 221 deaths. (1/2)",murali2357
2020-05-21 23:19:04+00:00,Covid-19 Cases to Peak in India in Mid-July if Lockdown Lifted This Month-end: Epidemiologist ,OMarugujarat
2020-05-21 23:18:24+00:00,"A story of revival amidst limitations!! Presenting the Official Teaser of #CoAware-19. A Malayalam docufiction, portraying the tremendous enthusiasm &amp; emotions of India's first COVID hotspot, Kasaragod in Kerala. #കാസറഗോഡ്",rahmannek
2020-05-21 23:18:14+00:00,"COVID-19 peak may be in mid-July if lockdown is lifted on 30 May, warns expert as India registers 132 deaths, 5,609 cases in 24 hours – Firstpost ",avpnews_live
2020-05-21 23:17:49+00:00,"After keeping an eye on news for last few weeks, I realize that this is the best time for India to wake up. The post Covid-19 era is gonna be full of opportunities and there would be light for sure if realized. We need to be damn careful of our decisions.",rohitbabu_k3
2020-05-21 23:17:00+00:00,Covid-19 Dashboard for Pakistan 22-5-2020 http://rpubs.com/Zahidasghar/Covid-19 Average for Pakistan is around 2000 with fluctuations occuring due to weekday effect.While India has 6000 and seems to hover around 10000 per day in the coming days given very steep slope. BD is also catching up.,Zahedasghar
2020-05-21 23:16:15+00:00,"AHMEDABAD: One among the most affected Covid-19 districts in India, Ahmedabad on Wednesday crossed 9,000 cases with 9216 – 3398 added in just 10 days – and 600 deaths. In past 10 days, the district added 221 deaths. (1/2)",murali2357
2020-05-21 23:15:33+00:00,"Covid-19 death toll rises to 5 in Kerala, 24 new cases reported – india news ",allaboutbelagav
2020-05-21 23:14:56+00:00,"We all know how Modi handling COVID-19 in India and its your govt...please talk to your boss do help to poor migrants,,Current MH govt doing better than your Govt,,,So don’t do more bakwass",SamAbdul531
2020-05-21 23:14:31+00:00," Migration data now available on our COVID-19 India open data hub (http://github.com/devdatalab/covid), contributed by/thanks to @clem_imbert @John_S_Firth. Blue map shows migrant destinations currently sending people home, green map shows migrant origins they’re returning to. (1/2)",thesamasher
2020-05-21 23:12:31+00:00,"#IndiaFightsCoronavirus Date -21/05/2020 Statewise trends of all Indian states for daily new cases, deaths and recoveries. #India #COVID ",awhanmohanty
2020-05-21 23:11:48+00:00,"Indian citizen Pradhuman Singh Naruka, driving on a Rajasthan highway, was in shock as he tilted his camera from his car towards a man on the road devouring a dead dog's carcass. The incident has once again highlighted how hunger and poverty is ravaging India amidst the Covid-19 ",SiddiquiSakef
2020-05-21 23:10:02+00:00,"Covid-19: Experts want govt to fund vaccine, medicines | India News https://telegraphindia24.com/covid-19-experts-want-govt-to-fund-vaccine-medicines-india-news/",Telegraphindia1
2020-05-21 23:09:41+00:00,Country risk: India’s Covid-19 hit may turn it to junk ,LankaBuzz
2020-05-21 23:08:30+00:00,"First death, 13 new Covid-19 cases in Gurugram | Gurgaon News – Times of India ",THETIMEPRESS1
2020-05-21 23:08:29+00:00,"It is a tough time for #India. First #Covid_19 &amp; now #AmphanSuperCyclone. Nature is testing us from all side, please pray for the peoples of West Bengal and Odisha #StaySafe #StayAlive",micky009_
2020-05-21 23:07:14+00:00,"The knock-on effects the Covid-19 pandemic are being felt across #economies globally. #Together with the European Union, India can play a central role in restoring economic #growth once lock down restrictions ease! https://mycii.in/KmResourceApplication/65989.TowardsanewIndiaEUEconomicAgreement9May2020.pdf",brandcapitalint
2020-05-21 23:05:44+00:00,Covid deaths: Over 50% above 60 yrs; 73% had other illnesses | India News – Times of India ,icjtv24
2020-05-21 23:05:30+00:00,@ICMRDELHI @MoHFW_INDIA Pl do a longitudinal study on COVID patients discharged from the hospitals from a rural and urban area.Say from Bihar and Chennai. Study the health parameters and mental health attributes and document it. This is will give insight into long terms effects.,rajku
2020-05-21 23:05:26+00:00,"Covid-19: Experts want govt to fund vaccine, medicines | India News https://macgamenews.com/covid-19-specialists-need-govt-to-fund-vaccine-medicines-india-information/",sparknpluged
2020-05-21 23:04:36+00:00,Porque amó tanto al COVID-19...,india_nica
2020-05-21 23:04:23+00:00,"Covid-19: Experts want govt to fund vaccine, medicines | India News https://cllickr.com/covid-19-experts-want-govt-to-fund-vaccine-medicines-india-news/",CllickrN
2020-05-21 23:01:32+00:00,As media 4th piller of India so I am still on work mode...no matter it's covid-19.u stay home we work for you 24*7..warriors wins.. Right to fight ( Mumbai Velvet News),mumbai_velvet
2020-05-21 23:00:45+00:00,Modi’s callous indifference towards India’s poor during the COVID-19 pandemic rises to the level of democide. I just watched video of a starving migrant worker eating the carcass of a dead dog on a highway.,cjwerleman
2020-05-21 23:00:01+00:00,"The COVID-19 crisis presents an opportunity to adopt new policies that leverage India’s domestic markets for industrialization, employment and growth. #Covid_19 @atulabhas",myfairobserver
2020-05-21 23:00:00+00:00,"#Video La OMS reportó el mayor número de casos de Covid-19 en un solo día desde el inicio de la pandemia, en particular en Estados Unidos, Brasil, Rusia, Arabia Saudita, India, Perú y Qatar https://www.eluniversal.com.mx/mundo/reporta-la-oms-record-de-contagios",El_Universal_Mx
2020-05-21 22:59:04+00:00,"No Brasil o covid 19 matou mais do que a gripe Espanhola. A populosa Índia apesar de muito pobre, tem se saído melhor do que o Brasil. Tristes Trópicos.. Insite em pisar nos passos da América.",vandoluz4
2020-05-21 22:55:33+00:00,"Covid-19: Allow parliamentary panel to interact with health ministry, ICMR, says Jairam Ramesh | India News – Times of India https://gujaratsamachar.site/covid-19-allow-parliamentary-panel-to-interact-with-health-ministry-icmr-says-jairam-ramesh-india-news-times-of-india/",TukadiyaJignesh
2020-05-21 22:55:20+00:00,"COVID-19 peak may be in mid-July if lockdown is lifted on 30 May, warns expert as India registers 132 deaths, 5,609 cases in 24 hours -",gone_india
2020-05-21 22:54:37+00:00,"Covid-19: Allow parliamentary panel to interact with health ministry, ICMR, says Jairam Ramesh | India News – Times of India https://joindhan.in/2020/05/21/covid-19-allow-parliamentary-panel-to-interact-with-health-ministry-icmr-says-jairam-ramesh-india-news-times-of-india/",IndiaNe81732983
2020-05-21 22:54:32+00:00,Dokter di India Protes Minim APD COVID-19 Malah Dimasukkan ke RS Jiwa ,VIVAcoid
2020-05-21 22:54:28+00:00,"Covid-19: Allow parliamentary panel to interact with health ministry, ICMR, says Jairam Ramesh | India News – Times of India https://www.nsservices.in/covid-19-allow-parliamentary-panel-to-interact-with-health-ministry-icmr-says-jairam-ramesh-india-news-times-of-india/",services_ns
2020-05-21 22:54:26+00:00,"Covid-19: Allow parliamentary panel to interact with health ministry, ICMR, says Jairam Ramesh | India News – Times of India ",Topstoriestoda3
2020-05-21 22:54:25+00:00,"Covid-19: Allow parliamentary panel to interact with health ministry, ICMR, says Jairam Ramesh | India News – Times of India ",radarhitnews
2020-05-21 22:54:19+00:00,"Covid-19: Allow parliamentary panel to interact with health ministry, ICMR, says Jairam Ramesh | India News – Times of India https://newsiconic.com/covid-19-allow-parliamentary-panel-to-interact-with-health-ministry-icmr-says-jairam-ramesh-india-news-times-of-india/",newsiconicindia
2020-05-21 22:54:19+00:00,"Covid-19: Allow parliamentary panel to interact with health ministry, ICMR, says Jairam Ramesh | India News – Times of India https://thewealthhome.com/covid-19-allow-parliamentary-panel-to-interact-with-health-ministry-icmr-says-jairam-ramesh-india-news-times-of-india/",thewealthhome1
2020-05-21 22:54:18+00:00,How Will Covid-19 Impact India’s Economy and Trade Relationship With the United States? #CSIS #CSISdc #finance #TrumpPence #ccot #trade #business #TopStories #pft #AFP #QAnon #NewsDesk #PatriotsUnited #AP #CounterTerrorism #DHS #FBI #HomelandSecurity... http://ow.ly/clhl102fw0J,MaryPatriotNews
2020-05-21 22:54:17+00:00,"Covid-19: Allow parliamentary panel to interact with health ministry, ICMR, says Jairam Ramesh | India News – Times of India https://newsjok.com/covid-19-allow-parliamentary-panel-to-interact-with-health-ministry-icmr-says-jairam-ramesh-india-news-times-of-india/",newsjokindia
2020-05-21 22:54:15+00:00,"Covid-19: Allow parliamentary panel to interact with health ministry, ICMR, says Jairam Ramesh | India News – Times of India ",trending2020
2020-05-21 22:53:55+00:00,"India's COVID-19 Curve Likely To Flatten, Reach Peak By July End: WHO Special Envoy - NDTV ",Navedsh15798255
2020-05-21 22:53:36+00:00,"Coronavirus: With 41,642 cases, Maharashtra tops India’s Covid tally ",MagazinezNews
2020-05-21 22:52:44+00:00,A stand in solidarity in prayer and action India’s lockdown and poor public health system complicate Catholic hospitals’ struggle against Covid-19 @iamCARITAS @CRSnews @caritasindia,ClarkeAtAmerica
2020-05-21 22:52:28+00:00,Age break-up of Covid-19 toll - Telegraph India https://ift.tt/3gbAy74 #diabetes #vingscommunity #news,HealthVings
2020-05-21 22:52:27+00:00,Covid deaths: Over 50% above 60 yrs; 73% had other illnesses - Times of India https://ift.tt/3gdJoBi #diabetes #vingscommunity #news,HealthVings
2020-05-21 22:52:11+00:00,Is India ready to attract industries exiting from China post Covid?,dksingh47
2020-05-21 22:51:36+00:00,"Main reason it did not work in India, urban poor had no way to distance. Going forward likely jump in cases due to migrant issue and cyclone evac. Full lock down not lilkely but locally will happen Industry will sputter at 30-40% level due continuous #COVID Severe recession",DocJassi
2020-05-21 22:51:28+00:00,"India Today: Coronavirus: With 41,642 cases, Maharashtra tops India's Covid tally. ",MakdaTofiq
2020-05-21 22:50:43+00:00,"Minorities are busy in relief works of the deserted migrants, and misleaded people are asking to #repeal_Article30. Everyone read what is in Article30, &amp; understand, it doesn't discriminate. #stimuluspackage2020 #COVID__19 #India",DrAbdulwassey
2020-05-21 22:50:24+00:00,Govt doing commendable job in fighting Covid-19: Lok Sabha Speaker Om Birla | India News – Times of India https://joindhan.in/2020/05/21/govt-doing-commendable-job-in-fighting-covid-19-lok-sabha-speaker-om-birla-india-news-times-of-india/,IndiaNe81732983
2020-05-21 22:50:10+00:00,Govt doing commendable job in fighting Covid-19: Lok Sabha Speaker Om Birla | India News – Times of India ,services_ns
2020-05-21 22:50:03+00:00,Govt doing commendable job in fighting Covid-19: Lok Sabha Speaker Om Birla | India News – Times of India https://gujaratsamachar.site/govt-doing-commendable-job-in-fighting-covid-19-lok-sabha-speaker-om-birla-india-news-times-of-india/,TukadiyaJignesh
2020-05-21 22:49:31+00:00,New post: Jackie Chan Sends Message Of Peace To India Amid Growing Backlash Against China Over COVID-19 Crisis ,Filmi_Story1
2020-05-21 22:47:45+00:00,How Will Covid-19 Impact India's Economy and Trade Relationship With United States Restart Our Economies? https://youtu.be/lp9UtBqswG0 via @CSIS,Mia4MD
2020-05-21 22:46:52+00:00,Covid-19 cases crosses 300-mark in Jharkhand | India News – Times of India https://joindhan.in/2020/05/21/covid-19-cases-crosses-300-mark-in-jharkhand-india-news-times-of-india/,IndiaNe81732983
2020-05-21 22:45:38+00:00,"Want to know more about the recent India/China tensions and the impact of COVID-19? @YIPFDC will be hosting a zoom talk with @tanvi_madan on May 28 at 5.30 pm EST to talk about the issue, with @avasudeva_87 moderating the discussion. Let us know if you're interested in joining!",HariPrasad91
2020-05-21 22:45:38+00:00,"WION Dispatch: India reported more than 33,000 COVID-19 cases in April month https://mediaonindia.com/2020/05/21/wion-dispatch-india-reported-more-than-33000-covid-19-cases-in-april-month/",MEDIAonINDIA
2020-05-21 22:45:05+00:00,"#Infobite India aumentó recientemente el monto del paquete fiscal que dedicará a enfrentar el #Covid_19, de 0.8% a 10% de su PIB. Priorizará los apoyos alimentarios a la población y la infraestructura sanitaria. Consulta la #PublicaciónMCV: http://bit.ly/2RGE2nA",MexicoComoVamos
2020-05-21 22:44:43+00:00,These filthy Sanghi channels have filthy agenda on their mind... Even in these pandemic . Shocking... Betrayal towards India. They want to hold the good work the country is doing against covid. ,ClinicalSkills1
2020-05-21 22:44:09+00:00,Plea in Delhi High Court seeks release of foreign Tablighi Jamaat members from COVID-19 quarantine | India News http://dinowap.in/plea-in-delhi-high-court-seeks-release-of-foreign-tablighi-jamaat-members-from-covid-19-quarantine-india-news/,in_dinx
2020-05-21 22:43:52+00:00,"From Jeev to Shubhankar, golfers return to practice with COVID guidelines in mind – Times of India https://wordbeyond.com/2020/05/21/from-jeev-to-shubhankar-golfers-return-to-observe-with-covid-pointers-in-thoughts-occasions-of-india/",word_beyond
2020-05-21 22:43:36+00:00,"... Or, maybe, the reason why you aren't hearing about cases and deaths being reported is cause, from what I gather, people in India aren't getting themselves tested, unlike those in the U.S. and other countries. Testing for Covid-19 in India has been little to none ...",jordansamuel_01
2020-05-21 22:43:29+00:00,COVID-19 5/22 6:32 Global 5075181 US 1573742 Russia 317554 Brazil 291579 UK 252236 Spain 233037 Italy 228006 France 181951 Germany 178748 Turkey 153548 Iran 129341 India 118226 Peru 108769,spee_dentalblog
2020-05-21 22:43:09+00:00,How India’s lockdown and poor public health system complicate Catholic hospitals’ struggle against Covid-19 | America Magazine ,ClarkeAtAmerica
2020-05-21 22:42:45+00:00,"... 1) Donald Trump is boating about the number of people the U.S. Govt. has tested for Covid-19, so far. And, not about the number of deaths due to Covid-19. 2) The number of Covid-19 cases and deaths due to, thereof, in India may be under reported ...",jordansamuel_01
2020-05-21 22:42:13+00:00,What we know about the Covid-related syndrome affecting children – Times of India ,Trippple12
2020-05-21 22:41:41+00:00,Covid-19 cases crosses 300-mark in Jharkhand | India News – Times of India https://gujaratsamachar.site/covid-19-cases-crosses-300-mark-in-jharkhand-india-news-times-of-india/,TukadiyaJignesh
2020-05-21 22:41:37+00:00,"#Covid_19@Deadline@WHO@UN @India@Covid Research@Covid Natural@UK If Source of Covid Manufactured is Not Available on Earth,then it Leads to ORIGIN from Solar Particles at Revolution Position of Earth,When It Originated.After Covid Consumes All Temperatures it Should Disappear. ",Kamlesh55878486
2020-05-21 22:41:29+00:00,"With 41,642 cases, Maharashtra tops India's COVID-19 tally ",msnindia
2020-05-21 22:40:57+00:00,Covid-19 cases crosses 300-mark in Jharkhand | India News – Times of India https://www.nsservices.in/covid-19-cases-crosses-300-mark-in-jharkhand-india-news-times-of-india/,services_ns
2020-05-21 22:40:48+00:00,"Do remember all those who r suffering in ur du'ās People from Syria, Palestine,Yemen,Uighur,Rohingya,India, from everywhere Ask Allah du'ā to get rid of Covid-19 ",AmiirahWhatever
2020-05-21 22:40:23+00:00,"Deeper purpose is hidden in India’s fascist government’s decision to push forward now in the midst of Covid-19 crisis with the redevelopment of the so-called central vista in Delhi, writes Anish Kapoor. ",EImpunity
2020-05-21 22:39:38+00:00,Sebi to companies: Increase Covid disclosures – Times of India ,trending2020
2020-05-21 22:39:15+00:00,"A España llegó el covid antes y el desabastecimiento mundial afectó más, cuando India dejó de exportar algodón, cuando China dejó de exportar numerosos productos sanitarios. A todos los países les ha costado conseguir material y de calidad, a todos han estafado.",davidpita79
2020-05-21 22:38:33+00:00,"Fighting Stigma : India's COVID-19 death rate less than global figures: Health Ministry: The mortality rate in COVID-19 cases in India is 3.06 as against the global rate of 6.65, the Union health ministry said on Thursday, crediting the efforts ... http://dlvr.it/RX6jx0",PairsonnalitesU
2020-05-21 22:38:32+00:00,"Covid live: India's case count now 116,744 http://dlvr.it/RX6jww",ZyiteGadgets
2020-05-21 22:37:06+00:00,"se fosse assim, era pra China e Índia estarem liderando o ranking do contaminação e mortes por COVID-19, MAS NÃO É! o avanço da COVID-19 em um país está diretamente ligado às escolhas políticas e aos investimentos feitos em isolamento social, infraestrutura hospitalar, +",dem_o_cracia
2020-05-21 22:36:40+00:00,My article in HT on why FM @nsitharaman’s announcement limiting #IBC insolvency suspension to fresh #Covid-19 cases is a major positive. #India #NPL #distresseddebt #stressedassets,TheAnuragDas
2020-05-21 22:35:02+00:00,Covid deaths: Over 50% above 60 yrs; 73% had other illnesses | India News http://dinowap.in/covid-deaths-over-50-above-60-yrs-73-had-other-illnesses-india-news/,in_dinx
2020-05-21 22:35:01+00:00,"Covid live: India's case count now 116,744 http://toi.in/FtMVnZ2",TOITopStories
2020-05-21 22:32:02+00:00,पहले देश में #namastetrump ने करोना ( covid -19 ) फैलाया और अब इसका ठेका इन न्यूज़ चैनल्स वालों ने ले रखा । वैसे यह लोग किस जमात से आते हैं ? #shutdownzeenews #shutdown @ZeeNews @ZeeNewsEnglish @ABPNews @abpnewshindi @MoHFW_INDIA @drharshvardhan @WHO,Sharique1506
2020-05-21 22:31:50+00:00,#SafetyForJournalists @PrakashJavdekar Please ensure PPEs #Covid insurance and Job Security For Journalists and reporters risking their lives to bring news to us. @ChangeOrg_India ,WilliamMachadow
2020-05-21 22:31:15+00:00,#Twitter #Top #Trends now in #India Lana #1MonthForVijayBdayBash #AGUSTD2ISCOMING #Covid_19 Apple Music #thursdaythoughts Nepal MIN YOONGI #indiansagainsttiktok #mohanlal #RajivGandhi #FlyTheFlag #6mahinekanyaydomodiji #बौद्धस्थल_अयोध्या #WeStandWithAsifTanha,SunnyUS4
2020-05-21 22:30:54+00:00,"India’s Covid count rises by 5,800, toll by 148 | India News ",Newslin07952424
2020-05-21 22:30:31+00:00,"I recently visited Saket, Delhi for interstate movement pass, the line was too long, no social distancing observed. They test on spot and on being covid negative provide u pass. Irony is those found positive were even waiting thr only. It ws horrbl n i left without pass.",asmi_saba
2020-05-21 22:29:14+00:00,This is regarding the refund of your cancelled train journey due to nationwide lockdown imposed by the Government of India to control the COVID-19 pandemic. Please be assured that our teams are closely in touch with IRCTC for processing the applicable refunds at earliest....,goibibo
2020-05-21 22:28:58+00:00,What isbit with India and covid robots? ,SKisContent
2020-05-21 22:28:52+00:00,"Coronavirus in India: 6.39 per cent of total active COVID-19 cases needed hospital support, says Health ministry ",AshishAg123
2020-05-21 22:28:47+00:00,"Se desgrana la mazorca...y aún así dicen no tenerle miedo al COVID-19. Claro, ellos están resguardados.",india_nica
2020-05-21 22:28:38+00:00,"#Covid_19 #desarrollosostenible Familias toman acciones preventivas ante COVID-19, Grupos de Ahorro y Emprendimientos promovidos por FLXIII que generan organización local y economías locales solidarias. Grupo India Bonita, Huehuetonoc, Guerrero. ",leontreceorg
2020-05-21 22:25:40+00:00,[#DebatF24] Coronavirus : l’été de tous les dangers ? Un débat aux 4 coins du monde avec nos correspondants @alexiaKefalas @LauCuvillier @AmokoMarcel @AlbanAlvarez #Covid_19 #International #Europe #Afrique #Mexico #India ,Morgane_Minair
2020-05-21 22:25:15+00:00,"This how Covid_19 effect on UNSDGs With humans self-isolated in their homes, animals that usually move away from urban areas now have room to roam. A wild boar was spotted in central Barcelona, Spain, and a herd of deer walking the streets of northern India. . . @wef #SDGs",Entrepioneers2
2020-05-21 22:23:17+00:00,"""A bigger disaster than COVID-19."" Cyclone Amphan has already killed over 80 people in parts of India and Bangladesh. Millions have been evacuated, making social distancing impossible. ",ajplus
2020-05-21 22:21:30+00:00,Apple to Shift 20of Its Production to India | CCP Virus | COVID-19 | Cor... https://youtu.be/LDatkQLomLI via @YouTube,Mr_FarhadChinoy
2020-05-21 22:20:10+00:00,"Covid-19 crisis: Slippages may jump to Rs 5.5 trillion, says India Ratings https://currentaffairs-hindi.com/covid-19-crisis-slippages-may-jump-to-rs-5-5-trillion-says-india-ratings/",currentaffairh1
2020-05-21 22:19:46+00:00,Mumbai: India hospital delivers 100 babies from Covid-19 mums ,omankyeame1
2020-05-21 22:19:14+00:00,"The doctors and healthcare workers of Belgium turn their backs on PM during his visit to the hospital to Express their anguish of non preparedness of the government to deal with covid-19 pendemic. Had this happened in India,what would have been the result ",junaidmalik02
2020-05-21 22:18:59+00:00,'#Maharashtra alone accounts for nearly 35 per cent #Covid19 cases in #India' #COVID #Corona #CoronaAlert #CoronaVirus #CoronaVirusInIndia #CoronaVirusLockdown #Health #India #Lockdown #Lockdown4 #LockdownExtension,MinisculeThe
2020-05-21 22:17:39+00:00,"Requesting you,I know all employee doing well but my sister in law she admitted in ST GEORGE HOSPITAL in Mumbai suffering from covid 19 and she is a dialysis patient too she is not getting dialysis on time after informing by patient to them Its request please takecare NOORJAHAN.",SADAKATHUSAINS1
2020-05-21 22:16:54+00:00,Covid deaths: Over 50% above 60 yrs; 73% had other illnesses | India News ,CllickrN
2020-05-21 22:15:53+00:00,Covid deaths: Over 50% above 60 yrs; 73% had other illnesses | India News ,Telegraphindia1
2020-05-21 22:15:16+00:00,"Cristãos são presos e espancados enquanto preparavam doações para Covid-19, na Índia ",odilarjr1
2020-05-21 22:14:29+00:00,Covid deaths: Over 50% above 60 yrs; 73% had other illnesses | India News https://newsline.co.in/2020/05/22/covid-deaths-over-50-above-60-yrs-73-had-other-illnesses-india-news/,Newslin07952424
2020-05-21 22:14:14+00:00,Sebi to companies: Increase Covid disclosures – Times of India https://groyourwealth.com/sebi-to-companies-increase-covid-disclosures-times-of-india/,dhraju
2020-05-21 22:13:50+00:00,Yes I pledge to fight The Spread Of Covid-19 and I will act Responsibly as Specified by World Health Organisation &amp; Govt of India.. Thank you..Very Much DrHemant Makwana ji #Prachaar For your kind Appreciation. &amp;… https://www.instagram.com/p/CAd10zrJG5m/?igshid=pzgbbyjh4odx,BrijeshSemwal
2020-05-21 22:13:04+00:00,Plea in Delhi High Court seeks release of foreign Tablighi Jamaat members from COVID-19 quarantine | India News ,Uditgupta_ug
2020-05-21 22:13:01+00:00,Analysis of India’s COVID-19 PMJDY cash transfer program indicates the program may exclude poor women. Read more from affiliate Simone Schaner on the cash transfer gap and what’s needed to combat it: ,CEGA_UC
2020-05-21 22:12:00+00:00,@unoffarnab Media is creating fear among people. 92% off the people affected with COVID-19 have recovered-more so in India. Covid-19 is not lethal. 100% of poor people have become poorer due to lockdown. 90% of middle class are affected economically.,AnjaliKant2
2020-05-21 22:10:03+00:00,"Total COVID-19 tests performed in India: 2,615,920. 118,226 cases, of those 6,198 today; 3,584 deaths, of those 150 today.",COVID19_bot
2020-05-21 22:09:14+00:00,"31.27% of travelers in India are stuck in the ""wrong"" cities and would like to travel back home. Read full report here https://www.intrcity.com/m/survey/consumersentiment-survey1 #buses #India #Covid_19 #BusIndustry",SciativeViaje
2020-05-21 22:08:11+00:00,"@htTweets Philately good in Lockdown. See FDC of 100 years of Mahatma Gandhi's return,2 India Post stamps Rs15&amp;Rs5,dt.8.1.2015,also Pravasi Day.History repeats itself.Miniature Sheet shows huge crowds,same as huge crowds of migrant workers during Covid-19,waiting to return home? ",skashamahajan
2020-05-21 22:07:49+00:00,Intercede with us for #India and #Bangladesh who are recovering from #CycloneAmphan which hit yesterday. Pray for the safety of our #FoursquareFamily in these countries as well as for the receding of floodwaters + safety against the spread of COVID-19.,WeAreFoursquare
2020-05-21 22:07:07+00:00,#IndiaFightsCorona India has been able to decelerate the pace of COVID-19 through effective curable and clinical management protocols. India’s recovery rate improves to 39.6 %.,HariKachhia2
2020-05-21 22:06:45+00:00,"India's Covid count rises by 5,800, toll by 148 ",BharatMeNews
2020-05-21 22:06:27+00:00,"They can all leave the India , we will give them bananas and flowers to leave. They should have done in 1947 along with Muhammad Ali Jinnah. They don’t love this country, so please leave India , go to Paki, Keep Jinnah soul happy and you all can dance in Paki streets with Covid ",sakarnaidu
2020-05-21 22:04:28+00:00,"India: il lavoro e la produzione dopo le misure anti-Covid, a partire dai migranti (interni), in un’analisi di Down To Earth https://cambiailmondo.org/2020/05/21/india-il-lavoro-e-la-produzione-dopo-le-misure-anti-covid-a-partire-dai-migranti-interni-in-unanalisi-di-down-to-earth/ di @cambiailmondo",filefit
2020-05-21 22:04:21+00:00,"Coronavirus COVID-19 Total Confirmed 5,073,775 Confirmed Cases by Country/Region/Sovereignty 1,573,742 US 317,554 Russia 291,579 Brazil 252,236 United Kingdom 233,037 Spain 228,006 Italy 181,951 France 178,748 Germany 153,548 Turkey 129,341 Iran 118,226 India 108,769 Peru",edendayo00
2020-05-21 22:04:13+00:00,"Covid-19 crisis: Slippages may jump to Rs 5.5 trillion, says India Ratings-Business Journal https://business-journal.in/finance/covid-19-crisis-slippages-may-jump-to-rs-5-5-trillion-says-india-ratings-business-journal/",BJIndia24
2020-05-21 22:03:33+00:00,"They can all leave the India , we will give them bananas and flowers to leave. They should have done in 1947 along with Muhammad Ali Jinnah. They don’t love this country, so please leave India , go to Paki, Keep Jinnah soul happy and you all can dance in Paki streets with Covid ",sakarnaidu
2020-05-21 22:03:32+00:00,Quando começou a covid na Índia? Quando começou no Brasil?,fellipesoares
2020-05-21 22:02:54+00:00,1st May से अब तक #covid19 के केस गुड़गाँव में देश की औसत से तेज़ रफ़्तार से बढ़े हैं। सब जानते है Covid कितना ज़्यादा संक्रमित होता है। अगर अनाधिकृति संस्थाएँ इनके सैम्पल कलेक्शन करेंगी तो ये तो और बढ़ेगा ही। इस पर जाँच बिठा कर कुछ ठोस कदम लीजिए। @DC_Gurugram @MunCorpGurugram,SinhHarveer
2020-05-21 22:02:00+00:00,#IamwithkpOli While the whole world is fighting against #COVID_19 India is trying to occupy Kalapani/Lipulekh. Shame on India.,dilnath25
2020-05-21 22:01:12+00:00,Best way to crush Evil #CommunistChina is #BoycottChineseProducts . One can trust a Snake but not them who did #wuhanlabvirus &amp; #bioterrorism #Covid_19 #Americans #ChinaMustPay #FoxNews #CNN #LiberateHK @realDonaldTrump #AmericaFirst. Move factories from China 2 #India or #USA.,RogerSmyth28
2020-05-21 22:00:20+00:00,UK healthcare workers begin Covid-19 hydroxychloroquine trial ,India_NewsLive
2020-05-21 21:59:40+00:00,"India’s Covid count rises by 5,800, toll by 148 | India News ",CllickrN
2020-05-21 21:58:30+00:00,No one deserve this. India will not forget this amount of pain this is beyond imagination. Shamefull politics. #Covid_19 #migrant #MigrantsOnTheRoad #MigrantLabourers,YashMeh32825967
2020-05-21 21:56:04+00:00,India among four countries that accounted for two-thirds of new Covid-19 cases on May 20 https://www.tibetanreview.net/india-among-four-countries-that-accounted-for-two-thirds-of-new-covid-19-cases-on-may-20/,TibetanReview
2020-05-21 21:55:41+00:00,"The largest religious minority, Muslims, in India have been battling not only against the COVID-19 outbreak but also facing indiscriminate policies of the BJP-led government.",Jilani18869281
2020-05-21 21:55:29+00:00,"India is going very good with COVID-19...Hope him a long life and more power, mgr tunnel aapurr",uncomicKashur
2020-05-21 21:54:59+00:00,https://www.bbc.com/news/world-asia-india-52719110 #modi #india #opperession #injustice #covid,CheemaMubasher
2020-05-21 21:54:15+00:00,"@UN @cnni The largest religious minority, Muslims, in India have been battling not only against the COVID-19 outbreak but also facing indiscriminate policies of the BJP-led government.",Jilani18869281
2020-05-21 21:53:34+00:00,"My take 1. Epidemiologists model of Covid-19 infecting 40%-70% of global population will likely to be correct. 2. Some foreign countries/states, infection rate is estimated to be 3% (Netherlands) &amp; as high as 20% (New York city). 3. India still in early days of transmission.",kevin_global
2020-05-21 21:51:47+00:00,"So is india, it is poorer than us. just look at the covid tests/million population. there are poor places like bihar and UP. we are sleeping doesnt mean we will sell the country to india. in such high altitudes, if a war happens, it will go on for long time.. nepal is not afraid",GhimireDr
2020-05-21 21:51:17+00:00,"Ciclone Amphan si abbatte su India e Bangladesh 84 morti. Governatore Bengala Mai visto disastro così, peggio del Covid” ",venti4ore
2020-05-21 21:51:10+00:00,"Israel'S DAD,AD DAJJAL CHACHHA wants to do GHAZWA E HIND, THAT'S Y INTRODUCED NRC IN INDIA and now weakening MUSLIMS through fake COVID, WHICH DOESN'T EXISTS @Salmanalnadwi @AhnafMedia @LadyVelvet_HFQ @ImranKhanPTI @asadowaisi @laluprasadrjd @BanglarGorboMB @KingSalman",CelebMetro
2020-05-21 21:50:23+00:00,"http://MyGov.in Coronavirus COVID-19 Live Cases Tracker India State-wise: whatsapp, facebook, other apps help you get corona official information – http://MyGov.in COVID-19 Trackers: 13 ways to get official information related to Corona ",enter21stdotcom
2020-05-21 21:50:09+00:00,"At https://covid19.who.int lie World Health Organisation stats of SARS-CoV-2 COVID-19 global pandemic. Find cases, deaths all nations. Till 21 May 4:24 PM IST India 112359 cs, 3435 dth Global 4893186 cs, 323256 dth Worldwise: 0.446 deaths per 10000 population (44.6/million). OMG!",SlenderStarts
2020-05-21 21:50:06+00:00,"India's Covid count rises by 5,800, toll by 148 ",TOIIndiaNews
2020-05-21 21:48:56+00:00,Found effective drug combination to cure Covid-19 patients: Bangladeshi doctors - india news - Hindustan Times ,NadeemA12403392
2020-05-21 21:48:47+00:00,"un problema grave , non solo in #India evitare discriminazioni digitali nel tempo del #Covid_19 solidarietà dall'#Italia #NotoDigitalDivide #EducationWithoutExclusion @SFI_CEC @cpimspeak @shailajateacher @vijayanpinarayi @SitaramYechury @portalvermelho @teleSURtv @Falcerossa",luca_cangemi
2020-05-21 21:47:54+00:00,Shocking video of a hungry man eating a dead dog's carcass on the road sparks outrage #coronavirus #Corona #CoronavirusOutbreak #CoronaUpdate #CoronavirusPandemic #India #COVIDー19 #Covid_19 https://www.qatarday.com/coronavirus/updates/shocking-video-of-a-hungry-man-eating-a-dead-dogs-carcass-on-the-road-sparks-outrage/73594,qatarday
2020-05-21 21:46:58+00:00,Cyclone Amphan tears through India and Bangladesh #cyclone #Covid-19 #venezuela https://youtu.be/DsLVEDZXaKs via @YouTube,ebiyapaul
2020-05-21 21:46:29+00:00,"Yet, Probably 70 percent of most countries have populations in such bracket of existence. China? India? Asian countries?south america?Africa? Etc. And under lock downs? Destroyed economies and incomes? But the question is how many of those such people have died of, I mean covid?",gabriel62717845
2020-05-21 21:46:29+00:00,‘Covid-19 peak likely in July-August’: Dr SK Sarin – india news ,OMarugujarat
2020-05-21 21:45:56+00:00,"A better #recovery #rate is always nicer! However, it means something only if the number of confirmed/active cases are high! And, the number of #deaths low! #Corona #CoronaAlert #CoronaVirus #CoronaVirusInIndia #COVID #COVID19 #Health #India #IndiaFightsCorona #IndiaFightsCOVID19",MinisculeThe
2020-05-21 21:45:51+00:00,"Utmost gratitude to Deputy Commissioner of Police (CWC Wing), H. Jayalakshmi and the entire Chennai City Police force (a special thank you to Inspector Muthulakshmi) for coming together and working with éK during these difficult times. #Covid_19 @chennaipolice_",ekngo_India
2020-05-21 21:45:06+00:00,India reanudará los vuelos nacionales tras dos meses de cuarentena por el Covid-19 https://buff.ly/3cRUgT7,adnradiochile
2020-05-21 21:44:16+00:00,"Covid-19 death toll rises to 5 in Kerala, 24 new cases reported - india news - ",southasiansnews
2020-05-21 21:44:10+00:00,"It would have just been a disaster With Covid it is now the way that Britain commits suicide Improve my life? That's a joke For those who didn't want EU migrants they have their wish. In the last year only 49,000 came from Europe, over 280,000 from countries like India and China",LeeAnnaLawless
2020-05-21 21:44:09+00:00,‘Covid-19 peak likely in July-August’: Dr SK Sarin – india news https://doorbulletin.com/covid-19-peak-likely-in-july-august-dr-sk-sarin-india-news/,doorbulletin
2020-05-21 21:44:02+00:00,"The coronavirus pandemic intensifies #Islamophobia in #India https://buff.ly/3di7icu Since the start of India's #COVID-19 lockdown on March 25, 2020, instances of Islamophobia have intensified, threatening the life, rights, and integrity of millions of Muslims. ",globalvoices
2020-05-21 21:42:06+00:00,"Covid count rises by 5,800, toll by 148 | India News ",Telegraphindia1
2020-05-21 21:41:27+00:00,Coming days in india gonna b unimaginable if people wont left there stupidity at home while going out #Covid_19 #Lockdown4point0,ksalhotra20
2020-05-21 21:41:10+00:00,CORONA VIRUS (COVID-19) POSITIVE CASES AND DEATHS IN INDIA अगले तीन चार दिनों में भारत ईरान को पीछे छोड़ते हुए टाॅप टेन देशों की सूची में पहुँचने को अग्रसर,adnan10116
2020-05-21 21:40:57+00:00,"Sir..with the sharp increase in covid 19 cases in India everyone is very nervous in such situations no parent would wish to send their child in the risk of giving exam kindly postpone ""Jee ""exams till the situation gets normalise....pls",AnuridhiChhang1
2020-05-21 21:40:38+00:00,"Our kind friend and much-loved showroom line, @seematextiles has created a GoFundMe to help a dedicated group of artisans that produce her textiles in India during the COVID pandemic. Please consider a donation of… https://www.instagram.com/p/CAdyBt7pTAE/?igshid=1xvrfxeacvc0n",clothandkind
2020-05-21 21:40:07+00:00,"UPDATE: New cases of #coronavirus #COVID19 #COVID_19 US (+10820, tot. 1573534) Peru (+4749, tot. 108769) Chile (+3964, tot. 57581) India (+2654, tot. 118226) Canada (+1053, tot. 82670) United Arab Emirates (+894, tot. 26898) Egypt (+774, tot. 15003)",VoiceToData
